AzimuthPeakPower,AzimuthPeakAngle,ElevationPeakPower,ElevationPeakAngle
1.53132268977076,73.6029684601113,0.711256344209598,278.115027829314
